SkillCode,SkillName,Category,Subcategory,Description,AvailableLevels
ITSP,Strategic planning,Strategy and architecture,Strategy and planning,"Creating and maintaining organisational-level strategies to align overall business plans, actions and resources with high-level business objectives.","4,5,6,7"
ISCO,Information systems coordination,Strategy and architecture,Strategy and planning,Coordinating information and technology strategies where the adoption of a common approach would benefit the organisation.,"6,7"
IRMG,Information management,Strategy and architecture,Strategy and planning,Enabling the effective management and use of information assets.,"3,4,5,6,7"
STPL,Enterprise and business architecture,Strategy and architecture,Strategy and planning,"Aligning an organisation's technology strategy with its business mission, strategy and processes and documenting this using architectural models.","5,6,7"
ARCH,Solution architecture,Strategy and architecture,Strategy and planning,Developing and communicating a multi-dimensional solution architecture to deliver agreed business outcomes.,"4,5,6"
INOV,Innovation management,Strategy and architecture,Strategy and planning,"Identifying, prioritising, incubating and exploiting opportunities provided by information, communication and digital technologies.","5,6,7"
EMRG,Emerging technology monitoring,Strategy and architecture,Strategy and planning,"Identifying and assessing new and emerging technologies, products, services, methods and techniques.","4,5,6"
RSCH,Formal research,Strategy and architecture,Strategy and planning,"Systematically creating new knowledge by data gathering, innovation, experimentation, evaluation and dissemination.","2,3,4,5,6"
SUST,Sustainability,Strategy and architecture,Strategy and planning,Advising and leading sustainability initiatives to reduce environmental impact and ensure compliance with relevant standards and regulations.,"4,5,6"
FMIT,Financial management,Strategy and architecture,Financial and value management,"Managing the effective use and control of financial resources to support business strategies, compliance and risk mitigation.","4,5,6"
INVA,Investment appraisal,Strategy and architecture,Financial and value management,Assessing the attractiveness of possible investments or projects.,"4,5,6"
BENM,Benefits management,Strategy and architecture,Financial and value management,"Forecasting, planning and monitoring the emergence and effective realisation of anticipated benefits from projects and programmes.","3,4,5,6"
BUDF,Budgeting and forecasting,Strategy and architecture,Financial and value management,Developing and managing financial budgets and forecasts to enable effective decision-making and resource allocation.,"2,3,4,5,6"
FIAN,Financial analysis,Strategy and architecture,Financial and value management,Conducting in-depth analysis of financial data to derive insights and support decision-making.,"2,3,4,5,6"
COMG,Cost management,Strategy and architecture,Financial and value management,"Planning, controlling and analysing costs to enable the effective use of financial resources.","2,3,4,5,6"
DEMM,Demand management,Strategy and architecture,Financial and value management,Analysing and proactively managing business demand for new services or modifications to existing service features or volumes.,"4,5,6"
MEAS,Measurement,Strategy and architecture,Financial and value management,Developing and operating a measurement capability to support agreed organisational information needs.,"2,3,4,5,6"
SCTY,Information security,Strategy and architecture,Security and privacy,Defining and operating a framework of security controls and security management strategies.,"2,3,4,5,6,7"
INAS,Information assurance,Strategy and architecture,Security and privacy,"Protecting against and managing risks related to the use, storage and transmission of data and information systems.","2,3,4,5,6,7"
PEDP,Information and data compliance,Strategy and architecture,Security and privacy,Implementing and promoting compliance with information and data management legislation.,"4,5,6"
VURE,Vulnerability research,Strategy and architecture,Security and privacy,"Conducting applied research to discover, evaluate and mitigate new or unknown security vulnerabilities and weaknesses.","2,3,4,5,6"
THIN,Threat intelligence,Strategy and architecture,Security and privacy,Developing and sharing actionable insights on current and potential security threats to the success or integrity of an organisation.,"2,3,4,5,6"
GOVN,Governance,Strategy and architecture,"Governance, risk and compliance","Defining and operating frameworks for decision-making, risk management, stakeholder relationships and compliance with organisational and regulatory obligations.","6,7"
BURM,Risk management,Strategy and architecture,"Governance, risk and compliance","Planning and implementing processes for managing risk across the enterprise, aligned with organisational strategy and governance frameworks.","2,3,4,5,6,7"
AIDE,Artificial intelligence (AI) and data ethics,Strategy and architecture,"Governance, risk and compliance","Implementing and promoting ethical practices in the design, development, deployment and use of AI and data technologies.","3,4,5,6"
AUDT,Audit,Strategy and architecture,"Governance, risk and compliance","Delivering independent, risk-based assessments of the effectiveness of processes, the controls and the compliance environment of an organisation.","2,3,4,5,6,7"
QUMG,Quality management,Strategy and architecture,"Governance, risk and compliance",Defining and operating a management framework of processes and working practices to deliver the organisation's quality objectives.,"2,3,4,5,6,7"
QUAS,Quality assurance,Strategy and architecture,"Governance, risk and compliance","Assuring, through ongoing and periodic assessments and reviews, that the organisation's quality objectives are being met.","2,3,4,5,6"
CNSL,Consultancy,Strategy and architecture,Advice and guidance,"Providing advice and recommendations, based on expertise and experience, to address client needs.","4,5,6,7"
TECH,Specialist advice,Strategy and architecture,Advice and guidance,"Providing authoritative, professional advice and direction in a specialist area.","4,5,6"
METL,Methods and tools,Strategy and architecture,Advice and guidance,"Leads the adoption, management and optimisation of methods and tools, ensuring effective use and alignment with organisational objectives.","2,3,4,5,6"
POMG,Portfolio management,Change and transformation,Change implementation,"Developing and applying a management framework to define and deliver a portfolio of programmes, projects and/or ongoing services.","5,6,7"
PGMG,Programme management,Change and transformation,Change implementation,"Identifying, planning and coordinating a set of related projects and activities in support of specific business strategies and objectives.","6,7"
PRMG,Project management,Change and transformation,Change implementation,"Delivering agreed project outcomes by aligning appropriate management techniques, collaboration, leadership and governance to specific project and organisational contexts.","4,5,6,7"
PROF,"Portfolio, programme and project support",Change and transformation,Change implementation,"Providing support and guidance on portfolio, programme and project management processes, procedures, tools and techniques.","2,3,4,5,6"
DEMG,Delivery management,Change and transformation,Change implementation,Ensuring successful delivery of new or updated products and services through effective leadership and collaboration within defined delivery cycles.,"3,4,5,6"
BUSA,Business situation analysis,Change and transformation,Change analysis,Investigating business situations to define recommendations for improvement action.,"2,3,4,5,6"
FEAS,Feasibility assessment,Change and transformation,Change analysis,"Defining, evaluating and describing business change options for financial, technical and business feasibility and strategic alignment.","2,3,4,5,6"
REQM,Requirements definition and management,Change and transformation,Change analysis,Managing requirements through the entire delivery and operational lifecycle.,"2,3,4,5,6"
BSMO,Business modelling,Change and transformation,Change analysis,"Creating abstract or distilled models of business scenarios, representing processes, data and roles to support decision-making and analysis.","2,3,4,5,6"
BPTS,User acceptance testing,Change and transformation,Change analysis,"Validating systems, products, business processes or services to determine whether the acceptance criteria have been satisfied.","2,3,4,5,6"
BPRE,Business process improvement,Change and transformation,Change planning,Creating new and potentially disruptive approaches to performing business activities.,"2,3,4,5,6,7"
OCDV,Organisational capability development,Change and transformation,Change planning,"Providing leadership, advice and implementation support to assess organisational capabilities and to identify, prioritise and implement improvements.","5,6,7"
ORDI,Organisation design and implementation,Change and transformation,Change planning,"Planning, designing and implementing an integrated organisation structure and culture.","3,4,5,6,7"
CIPM,Organisational change management,Change and transformation,Change planning,"Planning, designing and implementing activities to transition the organisation and people to the required future state.","2,3,4,5,6"
JADN,Job analysis and design,Change and transformation,Change planning,"Planning, analysing and designing job roles and structures to align with organisational requirements, goals and culture.","3,4,5"
OCEN,Organisational change enablement,Change and transformation,Change planning,Facilitates cultural and behavioural change by enabling individuals and teams to embed new ways of working and adapt to changes.,"4,5,6"
PROD,Product management,Development and implementation,Systems development,"Managing and developing products or services throughout their full lifecycle, from inception through growth, maturity, and decline, to retirement.","2,3,4,5,6"
DLMG,Systems development management,Development and implementation,Systems development,"Planning, estimating and executing systems development work to time, budget and quality targets.","4,5,6,7"
SLEN,Systems and software lifecycle engineering,Development and implementation,Systems development,"Establishing and deploying an environment for developing, continually improving and securely operating software and systems products and services.","3,4,5,6,7"
DESN,Systems design,Development and implementation,Systems development,Designing systems to meet specified requirements and agreed systems architectures.,"2,3,4,5,6"
SWDN,Software design,Development and implementation,Systems development,"Architecting and designing software to meet specified requirements, ensuring adherence to established standards and principles.","2,3,4,5,6"
NTDS,Network design,Development and implementation,Systems development,"Designing communication networks to meet business requirements, ensuring scalability, reliability, security and alignment with strategic objectives.","2,3,4,5,6"
IFDN,Infrastructure design,Development and implementation,Systems development,"Designing technology infrastructure to meet business requirements, ensuring scalability, reliability, security and alignment with strategic objectives.","2,3,4,5,6"
HWDE,Hardware design,Development and implementation,Systems development,Specifying and designing hardware systems and components to meet defined requirements by following agreed design principles and standards.,"2,3,4,5,6"
PROG,Programming/software development,Development and implementation,Systems development,Developing software components to deliver value to stakeholders.,"2,3,4,5,6"
SINT,Systems integration and build,Development and implementation,Systems development,"Planning, implementing and controlling activities to integrate system elements, subsystems and interfaces to create operational systems, products or services.","2,3,4,5,6"
TEST,Functional testing,Development and implementation,Systems development,"Assessing specified or unspecified functional requirements and characteristics of products, systems and services through investigation and testing.","1,2,3,4,5,6"
NFTS,Non-functional testing,Development and implementation,Systems development,"Assessing systems and services to evaluate performance, security, scalability and other non-functional qualities against requirements or expected standards.","1,2,3,4,5,6"
PRTS,Process testing,Development and implementation,Systems development,"Assessing documented and undocumented process flows within a product, system or service against business needs through investigation and testing.","1,2,3,4,5,6"
PORT,Software configuration,Development and implementation,Systems development,Designing and deploying software product configurations into software environments or platforms.,"2,3,4,5,6"
RESD,Real-time/embedded systems development,Development and implementation,Systems development,Designing and developing reliable real-time software typically within embedded systems.,"2,3,4,5,6"
SFEN,Safety engineering,Development and implementation,Systems development,Applying appropriate methods to assure safety during all lifecycle phases of safety-related systems developments.,"2,3,4,5,6"
SFAS,Safety assessment,Development and implementation,Systems development,Assessing safety-related software and hardware systems to determine compliance with standards and required levels of safety integrity.,"4,5,6"
RFEN,Radio frequency engineering,Development and implementation,Systems development,"Designing, installing and maintaining radio frequency based devices and software.","2,3,4,5,6"
ADEV,Animation development,Development and implementation,Systems development,"Designing and developing animated and interactive systems such as games, simulations and virtual environments.","2,3,4,5,6"
DATM,Data management,Development and implementation,Data and analytics,"Developing and implementing plans, policies and practices that control, protect and optimise the value and governance of data assets.","2,3,4,5,6"
DTAN,Data modelling and design,Development and implementation,Data and analytics,"Developing models and diagrams to represent, communicate and manage data requirements and data assets.","2,3,4,5"
DBDS,Database design,Development and implementation,Data and analytics,"Specifying, designing and maintaining mechanisms for storing and accessing data across various environments and platforms.","2,3,4,5"
DAAN,Data analytics,Development and implementation,Data and analytics,"Enabling data-driven decision making by extracting, analysing and communicating insights from structured and unstructured data.","2,3,4,5,6,7"
DATS,Data science,Development and implementation,Data and analytics,"Applying mathematics, statistics, data mining and predictive modelling techniques to gain insights, predict behaviours and generate value from data.","2,3,4,5,6"
MLNG,Machine learning,Development and implementation,Data and analytics,"Developing systems that learn from data and experience, improving performance, accuracy and adaptability in dynamic environments.","2,3,4,5,6"
BINT,Business intelligence,Development and implementation,Data and analytics,"Developing, producing and delivering regular and one-off management information to provide insights and aid decision-making.","2,3,4,5"
DENG,Data engineering,Development and implementation,Data and analytics,"Designing, building, operationalising, securing and monitoring data pipelines, stores and real-time processing systems for scalable and reliable data management.","2,3,4,5,6"
VISL,Data visualisation,Development and implementation,Data and analytics,"Facilitating understanding of data by displaying concepts, ideas and facts using graphical representations.","2,3,4,5"
URCH,User research,Development and implementation,User centred design,"Identifying users' behaviours, needs and motivations using observational research methods.","2,3,4,5,6"
CEXP,Customer experience,Development and implementation,User centred design,Ensuring the delivery of high-quality interactions and experiences that meet customer expectations across all touchpoints and channels.,"2,3,4,5,6"
ACIN,Accessibility and inclusion,Development and implementation,User centred design,Driving accessibility and inclusion in services and products.,"2,3,4,5,6"
UNAN,User experience analysis,Development and implementation,User centred design,"Understanding the context of use for systems, products and services and specifying user experience requirements and design goals.","2,3,4,5"
HCEV,User experience design,Development and implementation,User centred design,"Producing design concepts and prototypes for user interactions and experiences of a product, system or service.","2,3,4,5,6"
USEV,User experience evaluation,Development and implementation,User centred design,"Validating systems, products or services against user experience goals, metrics and targets.","2,3,4,5,6"
INCA,Content design and authoring,Development and implementation,Content management,"Planning, designing and creating content that meets user-centred and organisational needs, encompassing textual information, graphical content and multimedia elements.","1,2,3,4,5,6"
ICPM,Content publishing,Development and implementation,Content management,"Managing processes to collect, assemble and publish content across various channels to meet organisational and audience needs.","1,2,3,4,5,6"
KNOW,Knowledge management,Development and implementation,Content management,"Systematically capturing, developing and leveraging vital knowledge to create value and enhance organisational performance.","2,3,4,5,6,7"
GRDN,Graphic design,Development and implementation,Content management,"Creating and applying visual concepts to communicate ideas, enhance aesthetics and improve user experience across digital and print media.","1,2,3,4,5"
SCMO,Scientific modelling,Development and implementation,Computational science,Applying computer simulation and other forms of computation to solve real-world problems in scientific disciplines.,"4,5,6,7"
NUAN,Numerical analysis,Development and implementation,Computational science,"Creating, analysing, implementing, testing and improving algorithms for numerically solving mathematical problems.","4,5,6,7"
HPCC,High-performance computing,Development and implementation,Computational science,Using advanced computer systems and special programming techniques to solve complex computational problems.,"4,5,6,7"
ITMG,Technology service management,Delivery and operation,Technology management,Managing the provision of technology-based services to meet defined organisational needs.,"5,6,7"
ASUP,Application support,Delivery and operation,Technology management,"Delivering management, technical and administrative services to support and maintain live applications.","2,3,4,5"
ITOP,Infrastructure operations,Delivery and operation,Technology management,"Provisioning, deploying, configuring, operating and optimising technology infrastructure across physical, virtual and cloud-based environments.","1,2,3,4,5"
SYSP,System software administration,Delivery and operation,Technology management,"Installing, managing and maintaining operating systems, data management, office automation and utility software across various infrastructure environments.","2,3,4,5"
NTAS,Network support,Delivery and operation,Technology management,Providing maintenance and support services for communications networks.,"1,2,3,4,5"
HSIN,Systems installation and removal,Delivery and operation,Technology management,"Installing and testing, or decommissioning and removing, systems or system components.","1,2,3,4,5"
CFMG,Configuration management,Delivery and operation,Technology management,"Planning, identifying, controlling, accounting for and auditing of configuration items (CIs) and their interrelationships.","2,3,4,5,6"
RELM,Release management,Delivery and operation,Technology management,"Managing the release of new and updated services into production, ensuring alignment with business objectives and compliance standards.","2,3,4,5,6"
DEPL,Deployment,Delivery and operation,Technology management,"Transitioning software from development to live usage, managing risks and ensuring it works as intended.","2,3,4,5,6"
STMG,Storage management,Delivery and operation,Technology management,"Provisioning, configuring and optimising on-premises and cloud-based storage solutions, ensuring data availability, security and alignment with business objectives.","2,3,4,5,6"
DCMA,Facilities management,Delivery and operation,Technology management,"Planning, designing and managing the buildings, space and facilities which, collectively, make up the IT estate.","2,3,4,5,6"
SLMO,Service level management,Delivery and operation,Service management,"Agreeing targets for service levels and assessing, monitoring and managing the delivery of services against the targets.","2,3,4,5,6,7"
SCMG,Service catalogue management,Delivery and operation,Service management,Providing a source of consistent information about available services and products to customers and users.,"2,3,4,5"
AVMT,Availability management,Delivery and operation,Service management,Ensuring services deliver agreed levels of availability to meet the current and future needs of the business.,"3,4,5,6"
COPL,Continuity management,Delivery and operation,Service management,"Developing, implementing and testing a business continuity framework.","2,3,4,5,6"
CPMG,Capacity management,Delivery and operation,Service management,Ensuring service components have the capacity and performance to meet current and planned business needs.,"2,3,4,5,6"
USUP,Incident management,Delivery and operation,Service management,Coordinating responses to a diverse range of incidents to minimise negative impacts and quickly restore services.,"1,2,3,4,5,6"
PBMG,Problem management,Delivery and operation,Service management,Managing the lifecycle of all problems that have occurred or could occur in delivering a service.,"2,3,4,5"
CHMG,Change control,Delivery and operation,Service management,"Assessing risks associated with proposed changes and ensuring changes to products, services or systems are controlled and coordinated.","2,3,4,5,6"
ASMG,Asset management,Delivery and operation,Service management,"Managing the full lifecycle of assets from acquisition, operation, maintenance to disposal.","2,3,4,5,6"
SEAC,Service acceptance,Delivery and operation,Service management,Managing the process to obtain formal confirmation that service acceptance criteria have been met.,"3,4,5,6"
IAMT,Identity and access management,Delivery and operation,Security services,Manages identity verification and access permissions within organisational systems and environments.,"1,2,3,4,5,6"
SCAD,Security operations,Delivery and operation,Security services,"Manages and administers security measures, using tools and intelligence to protect assets, ensuring compliance and operational integrity.","1,2,3,4,5,6"
VUAS,Vulnerability assessment,Delivery and operation,Security services,"Identifying and classifying security vulnerabilities in networks, systems and applications and mitigating or eliminating their impact.","2,3,4,5"
DGFS,Digital forensics,Delivery and operation,Security services,Recovering and investigating material found in digital devices.,"2,3,4,5,6"
CRIM,Cybercrime investigation,Delivery and operation,Security services,"Investigates cybercrimes, collects evidence, determines incident impacts and collaborates with legal teams to protect digital assets.","2,3,4,5,6"
OCOP,Offensive cyber operations,Delivery and operation,Security services,"Plans, executes and manages offensive cybersecurity operations, including target selection, electronic target folders and post-operation analysis.","2,3,4,5,6"
PENT,Penetration testing,Delivery and operation,Security services,Testing the effectiveness of security controls by emulating the tools and techniques of likely attackers.,"2,3,4,5,6"
RMGT,Records management,Delivery and operation,Data and records operations,"Planning, implementing and managing the full lifecycle of organisational records.","1,2,3,4,5"
ANCC,Analytical classification and coding,Delivery and operation,Data and records operations,"Interpreting information and assigning classifications or labels based on domain-specific knowledge, standards and guidelines to enable data analysis and use.","2,3,4,5,6"
DBAD,Database administration,Delivery and operation,Data and records operations,"Installing, configuring, monitoring, maintaining databases and data stores, ensuring performance and security and adapting to evolving technologies.","2,3,4,5"
PEMT,Performance management,People and skills,People management,Improving organisational performance by developing the performance of individuals and workgroups to meet agreed objectives with measurable results.,"4,5,6"
EEXP,Employee experience,People and skills,People management,"Enhancing employee engagement and ways of working, empowering employees and supporting their health and wellbeing.","4,5,6"
OFCL,Organisational facilitation,People and skills,People management,Supporting workgroups to implement principles and practices for effective teamwork across organisational boundaries and professional specialisms.,"4,5,6"
PDSV,Professional development,People and skills,People management,Facilitating the professional development of individuals in line with their career goals and organisational requirements.,"4,5,6"
WFPL,Workforce planning,People and skills,People management,Strategically projecting the demand for people and skills and proactively planning the workforce supply to meet organisational needs.,"4,5,6"
RESC,Resourcing,People and skills,People management,"Acquiring, deploying and onboarding resources.","2,3,4,5,6"
ETMG,Learning and development management,People and skills,Skills management,"Delivering management, advisory and administrative services to support the development of knowledge, skills and competencies.","2,3,4,5,6,7"
TMCR,Learning design and development,People and skills,Skills management,"Designing and developing resources to transfer knowledge, develop skills and change behaviours.","2,3,4,5"
ETDL,Learning delivery,People and skills,Skills management,"Transferring knowledge, developing skills and changing behaviours using a range of techniques, resources and media.","2,3,4,5"
LEDA,Competency assessment,People and skills,Skills management,"Assessing knowledge, skills, competency and behaviours by any means, whether formal or informal, against frameworks such as SFIA.","2,3,4,5,6"
CSOP,Certification scheme operation,People and skills,Skills management,"Designing, developing and operating certification schemes, accreditations and credentials, including digital credentials or badges.","2,3,4,5,6"
TEAC,Teaching,People and skills,Skills management,Delivering and assessing curricula in a structured and systematic education environment.,"2,3,4,5,6,7"
SUBF,Subject formation,People and skills,Skills management,"Specifying, designing and developing curricula within a structured and systematic education environment.","4,5,6,7"
SORC,Sourcing,Relationships and engagement,Stakeholder management,"Managing, or providing advice on, the procurement or commissioning of products and services.","2,3,4,5,6,7"
SUPP,Supplier management,Relationships and engagement,Stakeholder management,"Aligning the organisation's supplier performance objectives and activities with sourcing strategies and plans, balancing costs, efficiencies and service quality.","2,3,4,5,6,7"
ITCM,Contract management,Relationships and engagement,Stakeholder management,"Managing and operating formal contracts, addressing supplier and client needs in product and service provision.","2,3,4,5,6,7"
RLMT,Stakeholder relationship management,Relationships and engagement,Stakeholder management,"Systematically analysing, managing and influencing stakeholder relationships to achieve mutually beneficial outcomes through structured engagement.","4,5,6,7"
CSMG,Customer service support,Relationships and engagement,Stakeholder management,Managing and operating customer service or service desk functions.,"1,2,3,4,5,6"
ADMN,Business administration,Relationships and engagement,Stakeholder management,"Managing and performing administrative services and tasks to enable individuals, teams and organisations to succeed in their objectives.","1,2,3,4,5,6"
BIDM,Bid/proposal management,Relationships and engagement,Sales and bid management,"Managing preparation and submission of bids and proposals for contracts, grants, projects, or services.","3,4,5,6"
SALE,Selling,Relationships and engagement,Sales and bid management,"Finding prospective customers and working with them to identify needs, influence purchase decisions and enhance future business opportunities.","3,4,5,6"
SSUP,Sales support,Relationships and engagement,Sales and bid management,"Providing advice and support to the sales force, customers and sales partners.","1,2,3,4,5,6"
MKTG,Marketing management,Relationships and engagement,Marketing,"Developing, implementing and managing marketing strategies and plans to achieve organisational objectives and drive business growth.","4,5,6,7"
MRCH,Market research,Relationships and engagement,Marketing,"Gathering, analysing and interpreting data about markets, customers and competitors to inform business decisions and strategies.","3,4,5,6"
BRMG,Brand management,Relationships and engagement,Marketing,Managing brand strategy to establish and enhance brand identity and value aligned with organisational goals.,"4,5,6"
CELO,Customer engagement and loyalty,Relationships and engagement,Marketing,"Developing and executing strategies to attract, engage and retain customers through targeted communications and loyalty initiatives.","3,4,5,6"
MKCM,Marketing campaign management,Relationships and engagement,Marketing,"Executing, monitoring and optimising marketing campaigns across various channels to engage target audiences and achieve desired outcomes.","3,4,5"
DIGM,Digital marketing,Relationships and engagement,Marketing,"Planning and executing activities to promote products, services and brands through digital channels and technologies.","2,3,4,5"
